{
    "CSin1": [
        0.00010034473962150514,
        -0.0011149212950840592,
        0.0
    ],
    "CSin2": [
        -8.977104153018445e-05,
        0.0009974378626793623,
        0.0
    ],
    "CCos1": [
        -5.018633237341419e-05,
        0.000557615770958364,
        0.0
    ],
    "CCos2": [
        -6.729706365149468e-05,
        0.0007477315375581384,
        0.0
    ]
}